,Model Score(test),Model Score(train),Accuracy (%),F1 Score
Bagging,0.9046741374225892,0.9998104085695326,90.46741374225891,0.540348382509776
Bagging 10 n_estimator,0.9002506635210852,0.9928903213574747,90.02506635210852,0.48808172531214533
Bagging with pruned tree,0.8977440283102329,0.9016652447309381,89.7744028310233,0.4228048272992093
Random Forest Classification,0.8858006487761723,0.8820741302493127,88.58006487761723,0.005138086062941555
Random Forest Classification (best features),0.9034945443821881,0.9999368028565109,90.34945443821881,0.4811732065001981
Adaboosting,0.8950162194043055,0.8961670932473852,89.50162194043055,0.42394822006472493
Adaboosting with stronger trees,0.8731937481568859,1.0,87.31937481568859,0.4694632942628007
Gradient boosting,0.8980389265703332,0.9033715676051443,89.80389265703333,0.41472704189589504
